City_ID,City,Country,Date,Lat,Lng,Max Temp,Humidity,Cloudiness,Wind Speed,City_weather
0,Mount Gambier,AU,2023-01-30 01:50:05,-37.8333,140.7667,70.68,43,100,9.19,Clouds
1,Vaini,TO,2023-01-30 01:45:26,-21.2,-175.2,84.36,84,40,8.05,Clouds
2,Mataura,NZ,2023-01-30 01:42:12,-46.1927,168.8643,75.67,52,100,5.14,Clouds
3,Imbituba,BR,2023-01-30 01:48:22,-28.24,-48.6703,72.55,90,100,4.09,Rain
4,Ridgecrest,US,2023-01-30 01:48:11,35.6225,-117.6709,46.69,55,39,13.0,Clouds
5,Yellowknife,CA,2023-01-30 01:39:23,62.456,-114.3525,-19.44,69,20,12.66,Clouds
6,Talgar,KZ,2023-01-30 01:50:09,43.3027,77.2395,6.96,85,40,2.24,Mist
7,Kitimat,CA,2023-01-30 01:50:10,54.0524,-128.6534,26.98,64,44,1.79,Clouds
8,Sabang,ID,2023-01-30 01:50:11,5.8933,95.3214,80.1,82,61,14.92,Clouds
9,Rikitea,PF,2023-01-30 01:42:06,-23.1203,-134.9692,78.75,72,18,9.06,Rain
10,Sao Jose Da Coroa Grande,BR,2023-01-30 01:50:12,-8.8978,-35.1478,77.83,76,10,8.7,Clear
11,Englehart,CA,2023-01-30 01:48:36,47.8169,-79.8664,0.16,65,100,4.61,Clouds
12,Trairi,BR,2023-01-30 01:48:10,-3.2778,-39.2689,77.09,85,5,7.61,Clear
13,Road Town,VG,2023-01-30 01:46:14,18.4167,-64.6167,77.09,88,40,8.05,Clouds
14,Jamestown,US,2023-01-30 01:42:48,42.097,-79.2353,32.02,97,100,10.36,Mist
15,Butaritari,KI,2023-01-30 01:43:53,3.0707,172.7902,81.07,78,1,22.06,Clear
16,Mineiros,BR,2023-01-30 01:50:15,-17.5694,-52.5511,68.74,92,97,2.77,Clouds
17,Cape Town,ZA,2023-01-30 01:40:29,-33.9258,18.4232,68.38,64,0,15.01,Clear
18,Paamiut,GL,2023-01-30 01:50:16,61.994,-49.6678,20.8,70,100,12.53,Clouds
19,Chilca,PE,2023-01-30 01:50:17,-12.5211,-76.7372,71.46,86,100,5.53,Clouds
20,Fairbanks,US,2023-01-30 01:45:32,64.8378,-147.7164,30.22,92,75,3.44,Clouds
21,Nhulunbuy,AU,2023-01-30 01:50:18,-12.2333,136.7667,86.61,74,75,6.91,Clouds
22,Arrecife,ES,2023-01-30 01:50:19,28.963,-13.5477,57.18,62,0,8.05,Clear
23,Port Alfred,ZA,2023-01-30 01:45:24,-33.5906,26.891,60.19,85,69,8.95,Clouds
24,Nabire,ID,2023-01-30 01:50:20,-3.3667,135.4833,77.95,90,100,2.13,Clouds
25,Bekovo,RU,2023-01-30 01:50:21,52.4663,43.712,22.46,96,100,8.16,Snow
26,Busselton,AU,2023-01-30 01:43:31,-33.65,115.3333,80.11,40,43,9.69,Clouds
27,Hamilton,US,2023-01-30 01:50:22,39.1834,-84.5333,43.65,93,100,9.22,Mist
28,Lebu,CL,2023-01-30 01:46:47,-37.6167,-73.65,61.18,93,50,15.23,Clouds
29,East London,ZA,2023-01-30 01:50:23,-33.0153,27.9116,64.62,68,84,5.03,Clouds
30,Half Moon Bay,US,2023-01-30 01:47:14,37.4636,-122.4286,48.87,81,100,17.27,Clouds
31,Carbonia,IT,2023-01-30 01:50:24,39.1672,8.5222,41.65,76,13,4.07,Clouds
32,Alyangula,AU,2023-01-30 01:50:25,-13.8483,136.4192,85.21,71,91,7.11,Clouds
33,Tiksi,RU,2023-01-30 01:50:26,71.6872,128.8694,-35.64,98,84,5.41,Clouds
34,Revda,RU,2023-01-30 01:50:26,56.801,59.9303,10.31,92,86,9.44,Clouds
35,Ribeira Grande,PT,2023-01-30 01:42:05,38.5167,-28.7,55.78,86,87,7.0,Clouds
36,Amursk,RU,2023-01-30 01:50:28,50.2261,136.8994,-15.27,94,100,9.1,Clouds
37,Norman Wells,CA,2023-01-30 01:45:16,65.282,-126.8329,15.84,73,75,10.36,Snow
38,Bethel,US,2023-01-30 01:50:28,41.3712,-73.414,46.51,69,100,4.61,Clouds
39,Sao Felix Do Xingu,BR,2023-01-30 01:50:29,-6.6447,-51.995,71.28,96,33,1.74,Clouds
40,Weyburn,CA,2023-01-30 01:46:20,49.6668,-103.8511,-16.38,69,92,5.75,Clouds
41,Sabha,LY,2023-01-30 01:50:30,27.0377,14.4283,47.07,32,40,13.6,Clouds
42,Mount Pleasant,US,2023-01-30 01:50:31,32.7941,-79.8626,61.09,97,100,0.0,Mist
43,Saint-Francois,FR,2023-01-30 01:50:32,46.4154,3.9054,29.64,80,75,2.3,Clouds
44,Qaanaaq,GL,2023-01-30 01:41:58,77.484,-69.3632,-12.62,72,37,5.53,Clouds
45,Khatanga,RU,2023-01-30 01:50:33,71.9667,102.5,-43.26,100,70,2.66,Clouds
46,Mahebourg,MU,2023-01-30 01:39:42,-20.4081,57.7,77.25,94,20,3.44,Clouds
47,Oeiras Do Para,BR,2023-01-30 01:50:34,-2.0031,-49.8544,73.54,97,95,3.11,Clouds
48,Bodden Town,KY,2023-01-30 01:51:35,19.2833,-81.25,78.93,81,12,1.99,Clouds
49,Arraial Do Cabo,BR,2023-01-30 01:51:35,-22.9661,-42.0278,76.69,90,79,23.94,Clouds
50,Mimongo,GA,2023-01-30 01:51:36,-1.6195,11.6068,69.04,99,93,1.43,Rain
51,Warrington,GB,2023-01-30 01:51:37,53.3925,-2.5802,46.45,75,20,19.57,Clouds
52,Catalina,US,2023-01-30 01:49:46,32.5056,-110.9211,60.84,20,0,1.01,Clear
53,Svetlogorsk,BY,2023-01-30 01:51:38,52.6333,29.7333,27.97,92,100,10.71,Clouds
54,Chamba,IN,2023-01-30 01:51:39,32.5667,76.1333,48.56,97,100,1.63,Rain
55,Seoul,KR,2023-01-30 01:47:43,37.5683,126.9778,33.24,42,0,4.61,Clear
56,Ippy,CF,2023-01-30 01:51:41,6.2679,21.2247,76.23,29,12,3.13,Clouds
57,Mattru,SL,2023-01-30 01:51:41,7.6244,-11.8332,73.81,94,44,0.74,Clouds
58,San Juan,AR,2023-01-30 01:50:38,-31.5375,-68.5364,77.38,61,31,7.9,Clouds
59,Mantua,IT,2023-01-30 01:49:06,45.1667,10.7833,31.24,83,13,6.2,Clouds
60,Port Hardy,CA,2023-01-30 01:45:04,50.6996,-127.4199,30.38,93,20,2.3,Clouds
61,Touros,BR,2023-01-30 01:42:17,-5.1989,-35.4608,79.63,71,12,13.22,Clouds
62,Hilo,US,2023-01-30 01:43:34,19.7297,-155.09,72.28,88,20,1.01,Rain
63,Coquimbo,CL,2023-01-30 01:44:50,-29.9533,-71.3436,62.33,88,0,8.05,Clear
64,Puerto Ayora,EC,2023-01-30 01:42:07,-0.7393,-90.3518,77.56,95,87,3.04,Clouds
65,Torbay,CA,2023-01-30 01:51:45,47.6666,-52.7314,27.57,70,20,8.05,Clouds
66,Tsaratanana,MG,2023-01-30 01:51:46,-16.7833,47.65,72.68,94,89,0.89,Clouds
67,Nuuk,GL,2023-01-30 01:51:47,64.1835,-51.7216,25.2,69,100,11.25,Clouds
68,Yenangyaung,MM,2023-01-30 01:51:47,20.4667,94.8833,74.48,50,0,2.91,Clear
69,Ushuaia,AR,2023-01-30 01:41:56,-54.8,-68.3,49.66,66,20,10.36,Clouds
70,Makakilo City,US,2023-01-30 01:51:49,21.3469,-158.0858,71.92,77,75,11.5,Rain
71,Morant Bay,JM,2023-01-30 01:47:14,17.8815,-76.4093,80.22,78,6,9.24,Clear
72,Ostrovnoy,RU,2023-01-30 01:51:50,68.0531,39.5131,25.86,89,100,22.64,Clouds
73,Dunedin,NZ,2023-01-30 01:51:51,-45.8742,170.5036,68.2,63,84,7.81,Clouds
74,Muravlenko,RU,2023-01-30 01:51:51,63.7898,74.523,-17.72,99,86,8.88,Clouds
75,Sola,VU,2023-01-30 01:51:52,-13.8833,167.55,80.87,78,100,14.99,Rain
76,Kedrovyy,RU,2023-01-30 01:51:53,56.1667,91.8167,12.87,93,100,13.13,Snow
77,Esperance,AU,2023-01-30 01:42:08,-33.8667,121.9,76.69,43,3,0.65,Clear
78,Port Lincoln,AU,2023-01-30 01:51:54,-34.7333,135.8667,66.94,60,32,12.46,Clouds
79,Upernavik,GL,2023-01-30 01:46:44,72.7868,-56.1549,-2.99,66,85,6.17,Clouds
80,Barrow,US,2023-01-30 01:43:36,71.2906,-156.7887,-5.78,84,100,11.5,Clouds
81,Albany,US,2023-01-30 01:42:01,42.6001,-73.9662,43.66,72,100,1.99,Clouds
82,Nikolskoye,RU,2023-01-30 01:45:09,59.7035,30.7861,31.91,96,100,12.88,Snow
83,Pozoblanco,ES,2023-01-30 01:51:56,38.3791,-4.8483,29.25,76,1,3.06,Clear
84,Atuona,PF,2023-01-30 01:43:45,-9.8,-139.0333,79.11,77,15,17.45,Rain
85,Kahului,US,2023-01-30 01:51:57,20.8947,-156.47,74.84,78,40,9.22,Rain
86,Cherskiy,RU,2023-01-30 01:51:58,68.75,161.3,1.42,89,100,6.06,Clouds
87,Hobart,AU,2023-01-30 01:39:44,-42.8794,147.3294,77.05,49,40,5.75,Clouds
88,Geraldton,AU,2023-01-30 01:49:28,-28.7667,114.6,95.41,36,0,12.66,Clear
89,Saskylakh,RU,2023-01-30 01:46:39,71.9167,114.0833,-40.41,99,73,5.06,Clouds
90,Komsomolskiy,UZ,2023-01-30 01:52:00,40.4272,71.7189,29.12,80,100,0.0,Mist
91,Plum,US,2023-01-30 01:52:01,40.5004,-79.7495,43.39,84,100,4.0,Clouds
92,Sechura,PE,2023-01-30 01:52:01,-5.5569,-80.8222,74.59,68,6,13.0,Clear
93,Ambilobe,MG,2023-01-30 01:52:03,-13.2,49.05,74.14,93,63,0.67,Clouds
94,Hohhot,CN,2023-01-30 01:53:03,40.8106,111.6522,8.89,66,0,4.47,Clear
95,Coxim,BR,2023-01-30 01:53:04,-18.5067,-54.76,75.25,82,90,2.59,Clouds
96,Acari,PE,2023-01-30 01:53:05,-15.4311,-74.6158,74.52,82,100,3.04,Clouds
97,Kenai,US,2023-01-30 01:53:06,60.5544,-151.2583,30.29,92,100,0.0,Clouds
98,Faanui,PF,2023-01-30 01:53:07,-16.4833,-151.75,81.82,71,16,11.45,Clouds
99,Oktyabrskiy,RU,2023-01-30 01:53:07,54.4815,53.471,4.71,98,98,6.46,Clouds
100,Zhigansk,RU,2023-01-30 01:53:08,66.7697,123.3711,-46.73,98,85,7.0,Clouds
101,Kapaa,US,2023-01-30 01:53:09,22.0752,-159.319,74.48,57,100,7.0,Clouds
102,Lasa,IT,2023-01-30 01:53:09,46.6166,10.7002,24.37,47,8,5.17,Clear
103,Flin Flon,CA,2023-01-30 01:53:11,54.7682,-101.865,-12.84,95,100,7.2,Clouds
104,Pangnirtung,CA,2023-01-30 01:53:11,66.1451,-65.7125,-31.0,68,0,0.0,Clear
105,Naze,JP,2023-01-30 01:53:12,28.3667,129.4833,54.52,52,39,13.27,Clouds
106,Punta Arenas,CL,2023-01-30 01:53:13,-53.15,-70.9167,50.11,76,75,8.05,Rain
107,Narsaq,GL,2023-01-30 01:45:28,60.9167,-46.05,8.82,71,100,7.99,Clouds
108,Victoria,HK,2023-01-30 01:41:29,22.2855,114.1577,61.95,41,6,3.0,Clear
109,Majene,ID,2023-01-30 01:53:15,-3.5403,118.9707,84.4,68,96,4.16,Clouds
110,Isiro,CD,2023-01-30 01:53:15,2.7739,27.616,62.91,80,4,3.02,Clear
111,Taoudenni,ML,2023-01-30 01:53:16,22.6783,-3.9836,57.07,15,27,10.6,Clouds
112,Ambon,ID,2023-01-30 01:53:17,-3.6954,128.1814,84.34,74,40,3.44,Clouds
113,Nanlong,CN,2023-01-30 01:53:18,31.3533,106.0631,47.52,40,0,4.0,Clear
114,Tessalit,ML,2023-01-30 01:53:18,20.1986,1.0114,52.75,12,37,8.43,Clouds
115,Halifax,CA,2023-01-30 01:53:03,44.6453,-63.5724,42.46,89,100,18.41,Rain
116,Hermanus,ZA,2023-01-30 01:43:57,-34.4187,19.2345,64.8,72,85,20.65,Clouds
117,Yerbogachen,RU,2023-01-30 01:53:20,61.2767,108.0108,1.35,99,100,2.57,Clouds
118,Dongsheng,CN,2023-01-30 01:53:21,39.8161,109.9776,20.26,27,0,8.75,Clear
119,Tasiilaq,GL,2023-01-30 01:45:14,65.6145,-37.6368,19.56,90,100,6.51,Clouds
120,Saint George,US,2023-01-30 01:52:02,37.1041,-113.5841,52.39,36,0,6.91,Clear
121,Lompoc,US,2023-01-30 01:53:23,34.6391,-120.4579,51.01,87,100,8.99,Mist
122,Kruisfontein,ZA,2023-01-30 01:53:24,-34.0033,24.7314,58.89,79,37,3.89,Clouds
123,Hualmay,PE,2023-01-30 01:53:24,-11.0964,-77.6139,71.96,83,100,6.58,Clouds
124,Katobu,ID,2023-01-30 01:53:25,-4.9408,122.5276,84.63,65,100,6.31,Rain
125,New Norfolk,AU,2023-01-30 01:43:30,-42.7826,147.0587,76.71,31,0,1.97,Clear
126,Camacari,BR,2023-01-30 01:53:27,-12.6975,-38.3242,80.37,87,0,3.6,Clear
127,Asau,RO,2023-01-30 01:53:27,46.4333,26.4,20.32,94,28,5.37,Clouds
128,Cermik,TR,2023-01-30 01:53:28,38.1361,39.4493,36.1,89,100,3.74,Clouds
129,Leh,IN,2023-01-30 01:53:29,34.1667,77.5833,17.82,96,100,1.7,Clouds
130,Manakara,MG,2023-01-30 01:53:30,-22.1333,48.0167,75.97,88,79,3.71,Clouds
131,Salamiyah,SY,2023-01-30 01:53:31,35.0113,37.0532,45.75,89,10,4.9,Clear
132,Morros,BR,2023-01-30 01:53:31,-9.4467,-46.3003,77.31,62,100,2.39,Clouds
133,Bilma,NE,2023-01-30 01:53:32,18.6853,12.9164,68.36,14,62,8.34,Clouds
134,Buena Vista,US,2023-01-30 01:53:33,43.4203,-83.8986,23.29,86,100,0.0,Clouds
135,Bengkulu,ID,2023-01-30 01:52:12,-3.8004,102.2655,80.29,75,100,4.0,Clouds
136,Wladyslawowo,PL,2023-01-30 01:53:34,54.7909,18.4009,38.55,86,100,26.35,Clouds
137,Atbasar,KZ,2023-01-30 01:45:30,51.8,68.3333,-12.32,100,57,4.25,Clouds
138,Dong Hoi,VN,2023-01-30 01:54:35,17.4833,106.6,62.69,59,58,9.42,Clouds
139,Leningradskiy,RU,2023-01-30 01:54:36,69.3833,178.4167,-5.44,97,61,6.06,Clouds
140,Tabuk,PH,2023-01-30 01:54:37,17.4189,121.4443,67.84,88,100,6.24,Clouds
141,Manuk Mangkaw,PH,2023-01-30 01:54:38,4.8,119.85,80.64,77,99,3.29,Clouds
142,Edd,ER,2023-01-30 01:54:38,13.9297,41.6925,77.67,68,8,18.28,Clear
143,Kavieng,PG,2023-01-30 01:54:39,-2.5744,150.7967,84.88,69,28,9.66,Rain
144,Prachin Buri,TH,2023-01-30 01:54:40,14.0833,101.6667,66.74,47,100,9.98,Clouds
145,Chokurdakh,RU,2023-01-30 01:50:34,70.6333,147.9167,-31.92,98,100,5.28,Clouds
146,Yingcheng,CN,2023-01-30 01:54:42,30.95,113.55,48.94,26,0,6.58,Clear
147,Iqaluit,CA,2023-01-30 01:54:42,63.7506,-68.5145,-33.07,75,75,3.44,Clouds
148,Sao Joao Da Barra,BR,2023-01-30 01:54:43,-21.6403,-41.0511,77.34,86,100,20.29,Clouds
149,Ushtobe,KZ,2023-01-30 01:54:44,45.2514,77.9838,7.12,88,100,5.86,Clouds
150,Severo-Kurilsk,RU,2023-01-30 01:45:30,50.6789,156.125,26.71,80,100,39.68,Snow
151,Castro,BR,2023-01-30 01:54:45,-24.7911,-50.0119,61.68,96,100,3.47,Clouds
152,Katsuura,JP,2023-01-30 01:54:46,35.1333,140.3,46.87,54,6,13.94,Clear
153,Karratha,AU,2023-01-30 01:54:47,-20.7377,116.8463,91.2,39,65,3.18,Clouds
154,Alice Springs,AU,2023-01-30 01:54:47,-23.7,133.8833,76.55,88,100,6.91,Clouds
155,Zharkent,KZ,2023-01-30 01:54:48,44.1628,80.0,13.93,78,100,1.86,Clouds
156,Hithadhoo,MV,2023-01-30 01:51:49,-0.6,73.0833,81.19,74,100,9.15,Clouds
157,Mar Del Plata,AR,2023-01-30 01:54:49,-38.0023,-57.5575,70.88,78,0,18.99,Clear
158,Moerai,PF,2023-01-30 01:54:50,-22.4333,-151.3333,79.48,75,100,8.68,Clouds
159,Bireun,ID,2023-01-30 01:54:51,5.203,96.7009,78.82,85,84,4.34,Clouds
160,Bintulu,MY,2023-01-30 01:54:51,3.1667,113.0333,77.41,94,40,4.61,Clouds
161,Gopalganj,IN,2023-01-30 01:54:52,26.4667,84.4333,58.78,64,85,1.99,Clouds
162,Aksu,CN,2023-01-30 01:46:39,41.1231,80.2644,12.85,88,100,4.27,Clouds
163,Meulaboh,ID,2023-01-30 01:52:11,4.1363,96.1285,79.5,83,44,3.85,Clouds
164,Port Elizabeth,ZA,2023-01-30 01:54:54,-33.918,25.5701,63.32,71,40,4.61,Clouds
165,Vila Franca Do Campo,PT,2023-01-30 01:54:55,37.7167,-25.4333,54.01,79,26,8.12,Clouds
166,Dingle,PH,2023-01-30 01:54:55,10.9995,122.6711,75.69,94,100,10.92,Clouds
167,Bredasdorp,ZA,2023-01-30 01:44:39,-34.5322,20.0403,64.44,69,94,16.15,Clouds
168,Igrim,RU,2023-01-30 01:54:57,63.1906,64.4162,4.75,94,100,5.99,Clouds
169,Mareeba,AU,2023-01-30 01:54:57,-17.0,145.4333,85.44,79,88,6.69,Clouds
170,Simao,CN,2023-01-30 01:54:58,22.7886,100.9748,56.08,66,2,0.67,Clear
171,Yar-Sale,RU,2023-01-30 01:54:59,66.8333,70.8333,-5.35,95,100,9.86,Clouds
172,Bluff,NZ,2023-01-30 01:54:59,-46.6,168.3333,61.21,87,100,9.22,Clouds
173,Sao Filipe,CV,2023-01-30 01:55:00,14.8961,-24.4956,70.41,69,93,14.52,Clouds
174,Aitape,PG,2023-01-30 01:55:01,-3.1374,142.3475,84.67,70,77,4.7,Clouds
175,Yulara,AU,2023-01-30 01:55:02,-25.2406,130.9889,80.13,54,100,9.26,Clouds
176,Kiruna,SE,2023-01-30 01:55:03,67.8557,20.2251,13.12,92,100,1.14,Snow
177,Olafsvik,IS,2023-01-30 01:55:03,64.8945,-23.7142,28.35,73,43,4.41,Clouds
178,Lucea,JM,2023-01-30 01:55:04,18.451,-78.1736,78.66,77,4,11.12,Clear
179,Chapais,CA,2023-01-30 01:55:05,49.7834,-74.8492,-15.02,99,39,1.52,Clouds
180,Kaitangata,NZ,2023-01-30 01:51:58,-46.2817,169.8464,62.55,82,100,9.04,Rain
181,Kapustin Yar,RU,2023-01-30 01:55:06,48.5831,45.7372,20.73,86,41,6.35,Clouds
182,Hovd,MN,2023-01-30 01:56:07,48.0056,91.6419,3.51,68,1,5.35,Clear
183,San Cristobal,VE,2023-01-30 01:56:07,7.7669,-72.225,68.18,82,68,1.97,Clouds
184,Tanout,NE,2023-01-30 01:56:08,14.9709,8.8879,70.84,13,100,9.64,Clouds
185,Bereda,ES,2023-01-30 01:56:09,43.2686,-7.5406,31.14,100,73,2.64,Clouds
186,Avarua,CK,2023-01-30 01:56:10,-21.2078,-159.775,73.45,94,100,10.36,Rain
187,Mecca,SA,2023-01-30 01:51:14,21.4267,39.8261,72.57,65,3,2.08,Clear
188,Labuhan,ID,2023-01-30 01:56:11,-6.8844,112.2051,81.39,79,100,12.08,Clouds
189,Sitka,US,2023-01-30 01:56:12,57.0531,-135.33,36.03,75,100,1.16,Clouds
190,Chuy,UY,2023-01-30 01:56:13,-33.6971,-53.4616,70.59,83,44,8.79,Clouds
191,Kulhudhuffushi,MV,2023-01-30 01:56:13,6.6221,73.07,79.81,74,33,7.31,Clouds
192,Cidreira,BR,2023-01-30 01:56:14,-30.1811,-50.2056,72.48,89,0,0.43,Clear
193,Bambous Virieux,MU,2023-01-30 01:54:46,-20.3428,57.7575,77.22,94,20,3.44,Clouds
194,Wuda,CN,2023-01-30 01:56:15,39.4994,106.7117,26.85,20,2,4.23,Clear
195,Vardo,NO,2023-01-30 01:56:16,70.3705,31.1107,31.98,86,72,18.41,Snow
196,Pevek,RU,2023-01-30 01:56:17,69.7008,170.3133,11.08,87,100,5.53,Clouds
197,Oriental,MX,2023-01-30 01:56:17,19.3667,-97.6167,56.21,71,6,3.15,Clear
198,Nzerekore,GN,2023-01-30 01:56:18,7.7562,-8.8179,70.21,79,15,2.42,Clouds
199,Shimoda,JP,2023-01-30 01:56:19,34.6667,138.95,48.56,52,2,23.4,Clear
200,Kindia,GN,2023-01-30 01:56:19,10.0569,-12.8658,67.91,86,98,3.2,Clouds
201,Lavrentiya,RU,2023-01-30 01:56:20,65.5833,-171.0,22.64,95,100,16.51,Snow
202,Mkushi,ZM,2023-01-30 01:56:21,-13.6202,29.3939,61.27,95,100,0.87,Clouds
203,Hurghada,EG,2023-01-30 01:56:22,27.2574,33.8129,68.04,45,0,11.5,Clear
204,Luanda,AO,2023-01-30 01:56:22,-8.8368,13.2343,80.6,83,20,2.3,Clouds
205,Hobyo,SO,2023-01-30 01:56:23,5.3505,48.5268,75.43,79,78,19.19,Clouds
206,Souillac,MU,2023-01-30 01:56:24,-20.5167,57.5167,73.78,94,20,3.44,Clouds
207,Batagay-Alyta,RU,2023-01-30 01:56:24,67.8006,130.4114,-38.81,95,22,3.11,Clouds
208,Togur,RU,2023-01-30 01:56:25,58.3631,82.8265,12.94,95,99,6.31,Clouds
209,Baie-Comeau,CA,2023-01-30 01:56:26,49.2168,-68.1489,8.28,85,100,6.91,Snow
210,Sijunjung,ID,2023-01-30 01:56:27,-0.6876,100.9537,77.25,85,98,1.01,Clouds
211,Coihaique,CL,2023-01-30 01:56:28,-45.5752,-72.0662,67.95,60,20,6.91,Clouds
212,Ilek,RU,2023-01-30 01:56:29,51.5271,53.3831,8.02,98,100,5.03,Clouds
213,Luderitz,NA,2023-01-30 01:46:48,-26.6481,15.1594,57.92,92,0,7.99,Clear
214,Tuktoyaktuk,CA,2023-01-30 01:56:30,69.4541,-133.0374,-18.4,76,40,4.61,Clouds
215,Hastings,GB,2023-01-30 01:56:31,50.8552,0.5729,46.29,60,66,17.47,Clouds
216,Ponta Do Sol,PT,2023-01-30 01:56:31,32.6667,-17.1,57.7,63,70,7.29,Clouds
217,Atar,MR,2023-01-30 01:56:32,20.5169,-13.0499,58.57,43,89,8.57,Clouds
218,Yemelyanovo,RU,2023-01-30 01:56:33,56.1681,92.6767,15.08,73,40,8.95,Snow
219,Emba,KZ,2023-01-30 01:56:34,48.8264,58.1442,1.04,97,35,3.6,Clouds
220,Georgetown,MY,2023-01-30 01:55:56,5.4112,100.3354,82.33,75,20,5.75,Clouds
221,Dwarka,IN,2023-01-30 01:56:35,22.2394,68.9678,65.32,53,0,12.19,Clear
222,Mbandaka,CD,2023-01-30 01:56:35,0.0487,18.2603,70.95,92,96,3.2,Clouds
223,Wucheng,CN,2023-01-30 01:56:36,29.6008,118.175,49.19,36,0,1.61,Clear
224,Kununurra,AU,2023-01-30 01:56:37,-15.7667,128.7333,82.38,78,100,9.22,Clouds
225,Kautokeino,NO,2023-01-30 01:56:38,69.0125,23.0412,4.51,99,100,2.55,Clouds
226,Bondo,CD,2023-01-30 01:56:39,3.8146,23.6866,66.0,70,0,2.66,Clear
227,Catamarca,AR,2023-01-30 01:54:10,-28.4696,-65.7852,76.59,88,99,1.99,Clouds
228,Lorengau,PG,2023-01-30 01:56:40,-2.0226,147.2712,84.0,73,27,3.87,Clouds
229,Thompson,CA,2023-01-30 01:56:43,55.7435,-97.8558,-23.64,76,20,3.44,Clouds
230,Kollam,IN,2023-01-30 01:57:41,8.8833,76.6,73.47,80,15,5.19,Clouds
231,Crepy-En-Valois,FR,2023-01-30 01:57:42,49.2336,2.8881,39.33,87,100,11.12,Clouds
232,Andenes,NO,2023-01-30 01:57:42,69.3143,16.1194,31.98,69,75,12.66,Clouds
233,La Ronge,CA,2023-01-30 01:57:43,55.1001,-105.2842,-9.15,70,40,6.91,Clouds
234,Richards Bay,ZA,2023-01-30 01:57:44,-28.783,32.0377,67.44,79,100,8.46,Clouds
235,Frankfurt,DE,2023-01-30 01:54:41,50.1167,8.6833,35.37,83,75,16.11,Drizzle
236,Nishihara,JP,2023-01-30 01:57:45,26.1842,127.7558,60.08,48,75,14.97,Clouds
237,Rocha,UY,2023-01-30 01:57:46,-34.4833,-54.3333,69.69,80,74,6.49,Clouds
238,Rio Claro,BR,2023-01-30 01:57:47,-22.4114,-47.5614,68.97,92,36,3.96,Clouds
239,Mastic Beach,US,2023-01-30 01:57:47,40.7668,-72.8521,47.53,83,100,1.99,Clouds
240,Alofi,NU,2023-01-30 01:53:59,-19.0595,-169.9187,82.29,78,85,6.91,Clouds
241,Adre,TD,2023-01-30 01:57:49,13.4667,22.2,72.21,15,42,7.56,Clouds
242,Kuryk,KZ,2023-01-30 01:57:49,43.2,51.65,29.84,50,14,10.33,Clouds
243,Mayo,US,2023-01-30 01:57:50,38.8876,-76.5119,47.5,82,40,5.75,Clouds
244,Dalvik,IS,2023-01-30 01:57:51,65.9702,-18.5286,28.33,90,97,5.99,Snow
245,Khanu Woralaksaburi,TH,2023-01-30 01:57:51,16.0617,99.8606,69.12,38,86,4.83,Clouds
246,Tukrah,LY,2023-01-30 01:57:52,32.5341,20.5791,53.04,75,15,12.33,Rain
247,Bugiri,UG,2023-01-30 01:57:53,0.5714,33.7417,69.01,64,74,4.21,Clouds
248,Wawa,NG,2023-01-30 01:57:53,9.9022,4.4192,81.81,22,97,5.86,Clouds
249,Tilichiki,RU,2023-01-30 01:57:54,60.4667,166.1,29.62,87,98,21.14,Clouds
250,Grand Forks,US,2023-01-30 01:57:55,47.9417,-97.4337,-13.22,95,88,5.75,Clouds
251,Manokwari,ID,2023-01-30 01:57:55,-0.8667,134.0833,81.25,77,100,6.42,Clouds
252,Killin,US,2023-01-30 01:57:56,33.6123,-91.7412,60.89,87,100,0.0,Rain
253,Muros,ES,2023-01-30 01:57:57,42.7762,-9.0603,42.1,77,84,9.91,Clouds
254,Petropavlovsk-Kamchatskiy,RU,2023-01-30 01:57:58,53.0452,158.6483,34.39,48,75,20.13,Clouds
255,Nome,US,2023-01-30 01:57:58,64.5011,-165.4064,32.16,93,100,23.02,Snow
256,Marsa Matruh,EG,2023-01-30 01:57:59,31.3525,27.2453,50.2,76,20,0.0,Clouds
257,Mapiripan,CO,2023-01-30 01:58:00,2.8892,-72.1256,76.57,48,13,5.64,Clouds
258,Sol-Iletsk,RU,2023-01-30 01:58:01,51.1631,54.9918,4.32,99,100,4.85,Clouds
259,Flinders,AU,2023-01-30 01:58:01,-34.5833,150.8552,77.05,90,100,7.49,Rain
260,Poum,NC,2023-01-30 01:58:02,-20.2333,164.0167,79.86,70,5,13.91,Clear
261,Dunkwa,GH,2023-01-30 01:58:03,5.9656,-1.78,74.89,91,65,1.88,Clouds
262,Lata,PT,2023-01-30 01:58:03,40.1629,-8.3327,39.92,77,87,3.91,Clouds
263,Riyadh,SA,2023-01-30 01:55:14,24.6877,46.7219,53.74,45,4,5.21,Clear
264,Lagoa,PT,2023-01-30 01:58:05,39.05,-27.9833,57.94,72,100,14.03,Clouds
265,Tura,IN,2023-01-30 01:58:06,25.5198,90.2201,65.32,53,4,1.66,Clear
266,Nizhniy Kuranakh,RU,2023-01-30 01:58:07,58.8353,125.4869,-18.63,94,45,0.94,Clouds
267,Longyearbyen,SJ,2023-01-30 01:58:08,78.2186,15.6401,24.64,68,100,24.16,Snow
268,Beloha,MG,2023-01-30 01:58:02,-25.1667,45.05,71.11,98,42,4.52,Clouds
269,Nangomba,TZ,2023-01-30 01:58:09,-10.9,38.5,69.17,95,3,5.37,Clear
270,Tumaco,CO,2023-01-30 01:58:10,1.7986,-78.8156,76.15,91,98,5.97,Rain
271,Alta Floresta,BR,2023-01-30 01:58:11,-9.8756,-56.0861,69.71,98,29,0.96,Rain
272,Tateyama,JP,2023-01-30 01:58:11,34.9833,139.8667,47.7,49,5,19.13,Clear
273,Buala,SB,2023-01-30 01:59:12,-8.145,159.5921,79.3,87,100,6.6,Clouds
274,Lewisburg,US,2023-01-30 01:56:09,35.4492,-86.7889,49.86,96,100,0.0,Mist
275,Bathurst,AU,2023-01-30 01:59:13,-33.4166,149.5806,76.12,58,98,8.23,Rain
276,San Miguel,SV,2023-01-30 01:59:14,13.4833,-88.1833,78.93,45,15,1.45,Clouds
277,Vao,NC,2023-01-30 01:59:15,-22.6667,167.4833,77.09,72,13,9.08,Clouds
278,Gorontalo,ID,2023-01-30 01:59:15,0.5412,123.0595,81.45,80,100,2.53,Clouds
279,Preobrazheniye,RU,2023-01-30 01:59:16,42.9019,133.9064,16.11,37,0,7.96,Clear
280,Marigot,MF,2023-01-30 01:59:17,18.0667,-63.0833,76.78,78,20,11.5,Clouds
281,Itarema,BR,2023-01-30 01:55:23,-2.9248,-39.9167,76.91,86,8,8.5,Clear
282,Kendari,ID,2023-01-30 01:59:18,-3.945,122.4989,86.61,64,83,2.57,Clouds
283,Los Llanos De Aridane,ES,2023-01-30 01:59:18,28.6585,-17.9182,55.15,77,75,8.05,Clouds
284,Aras,ES,2023-01-30 01:59:19,42.5617,-2.356,34.21,81,100,3.44,Clouds
285,Salekhard,RU,2023-01-30 01:59:20,66.53,66.6019,0.61,97,100,5.1,Clouds
286,Okha,RU,2023-01-30 01:59:21,53.5739,142.9478,-10.52,86,60,16.33,Clouds
287,Porto Walter,BR,2023-01-30 01:59:22,-8.2686,-72.7439,71.92,93,100,2.8,Clouds
288,Margate,GB,2023-01-30 01:59:12,51.3813,1.3862,43.88,88,49,4.0,Clouds
289,Ust-Ishim,RU,2023-01-30 01:59:23,57.6935,71.1665,4.96,97,74,5.41,Clouds
290,Giddalur,IN,2023-01-30 01:59:24,15.35,78.9167,71.47,83,66,5.73,Clouds
291,Roald,NO,2023-01-30 01:59:24,62.5833,6.1333,42.75,81,75,16.11,Drizzle
292,Kushima,JP,2023-01-30 01:59:25,31.4583,131.2333,52.43,55,16,13.38,Clouds
293,Ust-Tsilma,RU,2023-01-30 01:59:07,65.441,52.1498,9.95,94,98,7.38,Clouds
294,Chicama,PE,2023-01-30 01:59:26,-7.8447,-79.1469,70.34,70,90,5.86,Clouds
295,Belmonte,BR,2023-01-30 01:59:27,-15.8631,-38.8828,76.32,82,0,6.4,Clear
296,Vanderhoof,CA,2023-01-30 01:59:28,54.0166,-124.0198,1.9,96,40,1.72,Clouds
297,Aklavik,CA,2023-01-30 01:59:28,68.2191,-135.0107,-1.28,98,100,0.45,Clouds
298,Udachnyy,RU,2023-01-30 01:57:47,66.4167,112.4,-35.55,73,98,2.3,Clouds
299,Kyzyl-Suu,KG,2023-01-30 01:59:29,42.3414,78.0056,19.85,60,100,8.08,Clouds
300,Berkovica,BA,2023-01-30 01:59:30,44.6156,18.4294,32.31,95,100,1.7,Clouds
301,Champerico,GT,2023-01-30 01:59:31,14.3,-91.9167,78.94,67,9,5.84,Clear
302,Payo,ID,2023-01-30 01:59:32,-3.7508,103.6372,77.77,84,96,5.28,Clouds
303,Vestmanna,FO,2023-01-30 01:59:33,62.1564,-7.1664,32.92,80,75,33.38,Snow
304,Vanimo,PG,2023-01-30 01:59:34,-2.6741,141.3028,83.41,74,75,3.71,Clouds
305,Rio Gallegos,AR,2023-01-30 01:59:35,-51.6226,-69.2181,60.85,59,75,4.61,Clouds
306,Biak,ID,2023-01-30 01:58:07,-0.9131,122.8766,81.55,69,100,2.04,Clouds
307,San Rafael,AR,2023-01-30 01:57:58,-34.6177,-68.3301,76.12,54,2,15.21,Clear
308,Bratsk,RU,2023-01-30 01:59:36,56.1325,101.6142,14.49,87,100,10.89,Clouds
309,Gisborne,NZ,2023-01-30 01:59:37,-38.6533,178.0042,73.6,68,100,16.33,Clouds
310,Porto Franco,BR,2023-01-30 01:59:38,-6.3383,-47.3992,73.15,89,56,1.14,Clouds
311,Severomorsk,RU,2023-01-30 01:59:38,69.0689,33.4162,18.0,95,90,10.04,Clouds
312,Marawi,PH,2023-01-30 01:59:39,7.9986,124.2928,76.95,76,99,3.91,Rain
313,Ihosy,MG,2023-01-30 01:59:40,-22.4,46.1167,69.71,96,99,2.77,Clouds
314,Arkhangelskoye,RU,2023-01-30 01:59:40,55.8549,35.3287,23.47,95,100,10.45,Clouds
315,Westland,NL,2023-01-30 01:59:41,51.9967,4.2273,46.99,88,94,17.27,Clouds
316,Airai,TL,2023-01-30 01:59:18,-8.9266,125.4092,72.9,68,98,1.54,Clouds
317,Grand Gaube,MU,2023-01-30 01:59:42,-20.0064,57.6608,77.38,89,100,4.65,Clouds
318,Belyy Yar,RU,2023-01-30 01:59:43,53.6039,91.3903,19.29,78,0,11.18,Clear
319,Hasaki,JP,2023-01-30 01:59:43,35.7333,140.8333,46.29,59,26,11.23,Clouds
320,Provideniya,RU,2023-01-30 01:59:26,64.3833,-173.3,30.31,86,100,17.9,Snow
321,Nantucket,US,2023-01-30 01:59:31,41.2835,-70.0995,48.25,90,100,11.27,Clouds
322,Santarem,BR,2023-01-30 02:00:45,-2.4431,-54.7083,75.97,79,100,2.42,Clouds
323,Jabinyanah,TN,2023-01-30 02:00:46,35.035,10.9081,46.58,78,62,12.88,Clouds
324,Ambulu,ID,2023-01-30 02:00:47,-8.345,113.6058,78.89,86,100,0.87,Clouds
325,Comodoro Rivadavia,AR,2023-01-30 02:00:47,-45.8667,-67.5,69.94,59,1,0.56,Clear
326,Grand Baie,MU,2023-01-30 02:00:48,-20.0182,57.5802,77.45,89,100,4.5,Clouds
327,Abu Samrah,SY,2023-01-30 01:56:18,35.3029,37.1841,45.37,89,11,3.91,Clouds
328,Isangel,VU,2023-01-30 02:00:50,-19.55,169.2667,83.75,72,100,1.41,Rain
329,Saint-Philippe,RE,2023-01-30 02:00:50,-21.3585,55.7679,78.39,79,100,2.19,Clouds
330,Totness,SR,2023-01-30 02:00:51,5.8833,-56.3167,74.52,80,8,8.21,Clear
331,Yei,SS,2023-01-30 02:00:52,4.095,30.6779,71.58,42,0,3.13,Clear
332,Merauke,ID,2023-01-30 02:00:52,-8.4667,140.3333,83.35,77,100,4.97,Clouds
333,Fortuna,US,2023-01-30 02:00:53,40.5982,-124.1573,49.98,59,0,4.61,Clear
334,Hofn,IS,2023-01-30 02:00:54,64.2539,-15.2082,28.36,66,8,16.04,Clear
335,Puerto Narino,CO,2023-01-30 02:00:55,-3.7703,-70.3831,72.03,97,100,1.63,Rain
336,Sinnamary,GF,2023-01-30 02:00:56,5.3833,-52.95,76.15,84,26,7.65,Clouds
337,Clyde River,CA,2023-01-30 02:00:57,70.4692,-68.5914,-15.7,94,100,8.79,Clouds
338,Monchegorsk,RU,2023-01-30 02:00:57,67.9397,32.8739,14.85,96,100,6.53,Clouds
339,Huilong,CN,2023-01-30 02:00:58,31.8111,121.655,47.93,44,0,3.47,Clear
340,Marzuq,YE,2023-01-30 02:00:59,14.4,46.4667,54.99,61,17,0.94,Clouds
341,Springdale,US,2023-01-30 01:56:37,36.1867,-94.1288,28.08,94,100,5.99,Snow
342,Kabinda,CD,2023-01-30 02:01:00,-6.1333,24.4833,64.24,97,100,1.92,Rain
343,Olinda,BR,2023-01-30 02:01:01,-8.0089,-34.8553,79.34,73,18,11.43,Clouds
344,Northam,GB,2023-01-30 02:01:02,51.0333,-4.2167,49.6,97,100,16.67,Clouds
345,Mombetsu,JP,2023-01-30 02:01:02,44.3525,143.3525,23.18,46,16,6.26,Clouds
346,Secunda,ZA,2023-01-30 02:01:03,-26.55,29.1667,59.32,98,100,1.99,Rain
347,Nouadhibou,MR,2023-01-30 02:01:04,20.931,-17.0347,61.56,76,99,18.84,Clouds
348,Ancud,CL,2023-01-30 02:01:05,-41.8697,-73.8203,60.94,92,47,4.7,Clouds
349,Deputatskiy,RU,2023-01-30 02:01:05,69.3,139.9,-36.81,98,49,1.3,Clouds
350,Basco,PH,2023-01-30 02:01:06,20.4487,121.9702,68.72,63,98,28.92,Clouds
351,Mehamn,NO,2023-01-30 02:01:07,71.0357,27.8492,35.51,80,20,9.22,Clouds
352,Ossora,RU,2023-01-30 02:01:07,59.2353,163.0719,31.26,92,100,27.76,Snow
353,Inuvik,CA,2023-01-30 01:58:50,68.3499,-133.7218,-3.14,80,40,4.61,Clouds
354,Kaoma,ZM,2023-01-30 02:01:09,-14.7833,24.8,62.67,94,100,3.67,Clouds
355,Namibe,AO,2023-01-30 02:01:09,-15.1961,12.1522,74.71,77,100,4.72,Clouds
356,Kurkino,RU,2023-01-30 02:01:10,53.4257,38.6582,19.42,94,100,7.4,Clouds
357,Puerto Quijarro,BO,2023-01-30 02:01:11,-17.7833,-57.7667,73.49,95,80,2.26,Clouds
358,Thinadhoo,MV,2023-01-30 02:01:12,0.5333,72.9333,80.69,75,97,5.91,Clouds
359,Keita,NE,2023-01-30 02:01:13,14.7551,5.7749,68.88,9,100,5.88,Clouds
360,Ankazoabo,MG,2023-01-30 02:01:13,-22.2833,44.5167,69.51,96,58,1.57,Clouds
361,Vila Velha,BR,2023-01-30 02:00:36,-20.3297,-40.2925,75.72,89,49,9.44,Clouds
362,Kieta,PG,2023-01-30 02:01:15,-6.2167,155.6333,83.97,75,79,6.78,Rain
363,Vega Baja,PR,2023-01-30 02:01:16,18.4444,-66.3877,77.04,89,50,4.0,Clouds
364,Sharjah,AE,2023-01-30 02:01:17,25.3573,55.4033,64.72,66,0,4.18,Clear
365,Grindavik,IS,2023-01-30 02:00:52,63.8424,-22.4338,28.87,86,40,6.91,Clouds
366,Ciudad Bolivar,VE,2023-01-30 02:02:18,8.1222,-63.5497,76.66,70,7,13.35,Clear
367,Gorom-Gorom,BF,2023-01-30 02:02:19,14.4439,-0.2361,62.31,9,100,10.87,Clouds
368,Opuwo,NA,2023-01-30 02:02:20,-18.0607,13.84,68.92,53,84,3.51,Clouds
369,Carnarvon,AU,2023-01-30 02:02:21,-24.8667,113.6333,77.72,70,0,10.4,Clear
370,Mount Dora,US,2023-01-30 02:02:22,28.8025,-81.6445,71.64,78,0,5.75,Clear
371,Gizo,SB,2023-01-30 02:02:23,-8.103,156.8419,80.55,80,100,6.42,Rain
372,Mitsamiouli,KM,2023-01-30 02:02:24,-11.3847,43.2844,80.49,79,100,5.44,Clouds
373,Uenohara,JP,2023-01-30 02:02:25,35.6167,139.1167,46.18,37,1,5.46,Clear
374,Necochea,AR,2023-01-30 02:02:26,-38.5473,-58.7368,65.62,61,0,14.58,Clear
375,Moa,CU,2023-01-30 02:02:26,20.6569,-74.9403,74.55,76,36,14.29,Clouds
376,Dikson,RU,2023-01-30 02:02:27,73.5069,80.5464,-29.58,97,57,3.49,Clouds
377,Port-Cartier,CA,2023-01-30 02:02:28,50.0334,-66.8654,3.74,96,100,5.82,Snow
378,Joshimath,IN,2023-01-30 02:02:28,30.5667,79.5667,47.05,66,100,1.05,Clouds
379,Stephenville,US,2023-01-30 01:57:54,32.2207,-98.2023,32.13,80,100,9.22,Clouds
380,Amapa,BR,2023-01-30 02:02:30,1.0,-52.0,70.5,99,30,2.04,Clouds
381,Fowa,NG,2023-01-30 02:02:30,8.9167,6.4,80.49,53,95,1.57,Clouds
382,Nemuro,JP,2023-01-30 02:02:31,43.3236,145.575,22.37,48,7,3.06,Clear
383,Miri,MY,2023-01-30 02:02:32,4.4148,114.0089,80.11,85,100,5.55,Clouds
384,Adrar,MR,2023-01-30 02:02:33,20.5022,-10.0711,54.32,48,55,9.15,Clouds
385,Meiktila,MM,2023-01-30 02:02:34,20.8667,95.8667,74.07,46,0,2.42,Clear
386,Parambu,BR,2023-01-30 02:02:34,-6.2111,-40.6944,70.45,57,0,1.19,Clear
387,Eureka,US,2023-01-30 02:02:35,40.8021,-124.1637,50.25,55,0,5.99,Clear
388,Te Anau,NZ,2023-01-30 02:02:36,-45.4167,167.7167,74.34,36,100,3.06,Clouds
389,Shache,CN,2023-01-30 02:02:36,38.4167,77.2406,15.8,87,100,2.13,Clouds
390,Marsh Harbour,BS,2023-01-30 02:02:37,26.5412,-77.0636,74.77,83,4,14.9,Clear
391,Chumikan,RU,2023-01-30 02:02:38,54.7183,135.315,-13.4,85,19,24.83,Clouds
392,Cerrito,CO,2023-01-30 02:02:38,6.8432,-72.694,49.87,75,100,3.87,Clouds
393,Urengoy,RU,2023-01-30 02:02:40,65.9667,78.3667,-23.04,100,97,3.4,Clouds
394,Arlit,NE,2023-01-30 02:02:40,18.7369,7.3853,58.15,6,28,8.03,Clouds
395,Qandala,SO,2023-01-30 02:02:41,11.472,49.8728,71.62,55,18,7.36,Clouds
396,Jadu,LY,2023-01-30 02:02:42,31.953,12.0261,38.7,63,0,2.91,Clear
397,Eastbourne,GB,2023-01-30 02:02:42,50.7687,0.2845,46.78,90,81,5.01,Clouds
398,Mackay,AU,2023-01-30 02:00:30,-21.15,149.2,89.69,67,68,6.31,Clouds
399,Port Augusta,AU,2023-01-30 02:02:44,-32.5,137.7667,72.75,68,100,16.51,Clouds
400,Herat,AF,2023-01-30 02:02:44,34.5,62.0,36.64,65,98,3.44,Clouds
401,San Quintin,MX,2023-01-30 02:02:45,30.4833,-115.95,56.41,73,100,3.98,Clouds
402,Bom Jesus Do Itabapoana,BR,2023-01-30 02:02:46,-21.1339,-41.6797,74.21,95,100,1.83,Clouds
403,Qiongshan,CN,2023-01-30 02:02:46,20.0058,110.3542,62.98,42,21,11.43,Clouds
404,Khvorostyanka,RU,2023-01-30 02:02:47,52.6096,48.9597,16.79,95,100,7.2,Snow
405,Leshukonskoye,RU,2023-01-30 02:02:48,64.8989,45.7622,16.93,93,100,9.31,Clouds
406,Cayenne,GF,2023-01-30 02:00:20,4.9333,-52.3333,77.04,83,100,3.44,Clouds
407,Nanakuli,US,2023-01-30 02:02:48,21.3906,-158.1547,70.11,68,100,9.22,Rain
408,Peniche,PT,2023-01-30 02:02:41,39.3558,-9.3811,45.1,70,4,10.25,Clear
409,Empalme,MX,2023-01-30 02:02:50,27.9667,-110.8167,64.45,72,0,0.0,Clear
410,Fuerte Olimpo,PY,2023-01-30 02:02:50,-21.0415,-57.8738,79.95,68,50,5.03,Clouds
411,Sisimiut,GL,2023-01-30 02:02:51,66.9395,-53.6735,15.91,80,100,7.25,Clouds
412,Ridgetown,CA,2023-01-30 02:03:52,42.4334,-81.8998,26.46,93,31,4.5,Clouds
413,Puerto Escondido,MX,2023-01-30 02:03:52,15.85,-97.0667,81.43,69,20,0.0,Clouds
414,Greensburg,US,2023-01-30 02:03:53,40.3015,-79.5389,43.25,95,100,9.22,Mist
415,Zhangjiakou,CN,2023-01-30 02:00:27,40.81,114.8794,24.19,39,0,0.85,Clear
416,Faya,SA,2023-01-30 02:03:54,18.3851,42.4509,46.92,90,40,3.22,Clouds
417,Camacha,PT,2023-01-30 02:00:43,33.0833,-16.3333,53.02,67,40,6.91,Rain
418,Nokaneng,BW,2023-01-30 02:03:55,-19.6667,22.2667,68.22,77,62,3.02,Clouds
419,Najran,SA,2023-01-30 01:59:14,17.4924,44.1277,50.65,64,11,1.16,Clouds
420,Agucadoura,PT,2023-01-30 02:03:57,41.4318,-8.7804,43.09,65,4,8.1,Clear
421,Uige,AO,2023-01-30 02:03:57,-7.6087,15.0613,65.61,96,100,2.51,Rain
422,Toila,EE,2023-01-30 02:03:58,59.4236,27.5025,32.68,97,100,21.68,Snow
423,Shakawe,BW,2023-01-30 02:03:59,-18.3667,21.85,71.26,73,100,4.72,Clouds
424,Tazovskiy,RU,2023-01-30 02:03:59,67.4667,78.7,-20.07,100,100,5.28,Clouds
425,Sioux Lookout,CA,2023-01-30 02:01:58,50.1001,-91.917,-15.32,98,100,4.7,Clouds
426,Ahipara,NZ,2023-01-30 02:04:00,-35.1667,173.1667,66.07,94,100,14.14,Rain
427,Vyartsilya,RU,2023-01-30 02:04:01,62.1764,30.693,30.58,96,100,13.89,Snow
428,Samastipur,IN,2023-01-30 02:04:02,25.85,85.7833,59.59,61,80,1.34,Clouds
429,Ponta Delgada,PT,2023-01-30 02:04:02,37.7333,-25.6667,54.32,82,40,10.36,Clouds
430,Phalaborwa,ZA,2023-01-30 02:04:03,-23.943,31.1411,69.03,74,100,11.88,Clouds
431,Jumla,NP,2023-01-30 02:04:04,29.2747,82.1838,36.41,55,4,7.67,Clear
432,Ambanja,MG,2023-01-30 02:04:05,-13.6833,48.45,73.98,92,15,2.42,Clouds
433,Ballina,AU,2023-01-30 02:04:05,-28.8667,153.5667,86.77,75,68,12.12,Clouds
434,Tiarei,PF,2023-01-30 02:04:06,-17.5333,-149.3333,86.02,72,0,7.99,Clear
435,Kaeo,NZ,2023-01-30 02:04:07,-35.1,173.7833,71.33,96,100,13.11,Rain
436,Maceio,BR,2023-01-30 02:00:25,-9.6658,-35.7353,76.44,88,20,4.61,Clouds
437,Lynn Haven,US,2023-01-30 02:04:08,30.2455,-85.6483,69.01,96,100,6.91,Mist
438,Santa Cruz,BO,2023-01-30 02:03:24,-17.8,-63.1667,72.86,94,100,2.3,Rain
439,Laguna,US,2023-01-30 02:04:09,38.421,-121.4238,48.38,78,75,11.5,Clouds
440,Ulladulla,AU,2023-01-30 02:04:10,-35.35,150.4667,70.93,85,100,11.07,Rain
441,Oksfjord,NO,2023-01-30 02:04:11,70.2396,22.3479,28.58,86,64,8.01,Clouds
442,Srivardhan,IN,2023-01-30 02:04:12,18.0333,73.0167,69.66,91,88,5.55,Clouds
443,Abha,SA,2023-01-30 02:04:12,18.2164,42.5053,46.65,93,20,0.0,Clouds
444,Mount Isa,AU,2023-01-30 02:04:13,-20.7333,139.5,83.97,70,75,11.5,Rain
445,Tuatapere,NZ,2023-01-30 02:02:51,-46.1333,167.6833,69.22,66,100,6.87,Clouds
446,Buzmeyin,TM,2023-01-30 02:04:14,38.0507,58.2056,41.07,59,98,4.21,Clouds
447,Campbell River,CA,2023-01-30 02:04:15,50.0163,-125.2446,31.44,38,6,1.77,Clear
448,Gigmoto,PH,2023-01-30 02:04:16,13.7796,124.39,76.78,93,100,18.12,Rain
449,Santa Rosa,PH,2023-01-30 02:04:05,14.3122,121.1114,83.1,66,78,15.59,Clouds
450,Yashkul,RU,2023-01-30 02:04:17,46.1711,45.3435,30.76,76,100,7.76,Clouds
451,Dumas,US,2023-01-30 02:04:18,35.8656,-101.9732,14.14,85,100,9.22,Clouds
452,Okakarara,NA,2023-01-30 02:04:18,-20.5833,17.4333,71.28,63,100,8.84,Clouds
453,Neya,RU,2023-01-30 02:04:20,58.2972,43.8681,15.58,96,100,6.87,Clouds
454,Lohardaga,IN,2023-01-30 02:04:20,23.4333,84.6833,60.39,25,5,1.72,Clear
455,Klaksvik,FO,2023-01-30 02:04:21,62.2266,-6.589,34.72,71,99,34.34,Snow
456,Paso De Los Toros,UY,2023-01-30 02:04:22,-32.8167,-56.5167,74.59,52,0,16.42,Clear
457,Kashi,CN,2023-01-30 02:04:23,39.4547,75.9797,13.89,80,100,1.74,Clouds
458,Caravelas,BR,2023-01-30 02:04:24,-17.7125,-39.2481,75.18,87,3,4.63,Clear
459,Nizwa,OM,2023-01-30 02:04:24,22.9333,57.5333,58.89,64,0,3.2,Clear
460,Turukhansk,RU,2023-01-30 02:04:25,65.8167,87.9833,-11.92,100,71,3.27,Clouds
461,Cockburn Town,TC,2023-01-30 02:04:46,21.4612,-71.1419,77.0,74,9,22.37,Clear
462,Do Gonbadan,IR,2023-01-30 02:05:26,30.3586,50.7981,50.45,57,48,2.55,Clouds
463,Mvomero,TZ,2023-01-30 02:05:27,-6.25,38.6667,71.04,96,98,2.95,Clouds
464,Codrington,AU,2023-01-30 02:05:28,-38.2667,141.9667,67.24,53,100,12.21,Clouds
465,The Pas,CA,2023-01-30 02:05:29,53.8251,-101.2541,-16.58,76,75,3.44,Haze
466,Tezu,IN,2023-01-30 02:05:29,27.9167,96.1667,70.66,31,6,0.69,Clear
467,New Delhi,IN,2023-01-30 02:00:44,28.6128,77.2311,53.76,100,100,13.8,Mist
468,Bilibino,RU,2023-01-30 02:05:31,68.0546,166.4372,13.55,86,100,6.42,Clouds
469,Samarai,PG,2023-01-30 02:00:46,-10.6167,150.6667,84.54,74,22,9.78,Clouds
470,Hanyang,CN,2023-01-30 02:05:32,32.1371,105.5126,42.69,39,0,2.71,Clear
471,Berlevag,NO,2023-01-30 02:05:33,70.8578,29.0864,35.55,60,40,10.36,Clouds
472,Urumqi,CN,2023-01-30 02:05:34,43.801,87.6005,-6.65,84,57,4.47,Mist
473,Yelan-Koleno,RU,2023-01-30 02:05:34,51.1523,41.2306,23.34,98,96,3.89,Clouds
474,Kachug,RU,2023-01-30 02:05:35,53.9606,105.8817,9.81,94,100,0.54,Clouds
475,Eyl,SO,2023-01-30 02:05:36,7.9803,49.8164,73.47,70,49,15.28,Clouds
476,Aksarka,RU,2023-01-30 02:05:36,66.5606,67.7975,1.9,96,100,8.57,Snow
477,Augustow,PL,2023-01-30 02:05:37,53.8432,22.9798,31.62,95,100,15.57,Clouds
478,Marsala,IT,2023-01-30 02:05:38,37.7966,12.4352,48.94,76,4,6.06,Clear
479,Floresta,BR,2023-01-30 02:05:38,-8.6011,-38.5686,77.05,56,1,14.9,Clear
480,Usinsk,RU,2023-01-30 02:05:39,65.9939,57.5281,9.23,94,100,18.72,Snow
481,Mikhaylovka,RU,2023-01-30 02:05:40,50.06,43.2379,29.7,95,100,7.49,Clouds
482,Walvis Bay,NA,2023-01-30 02:02:45,-22.9575,14.5053,63.09,84,0,13.44,Clear
483,Gold Coast,AU,2023-01-30 02:01:01,-28.0,153.4333,90.77,69,79,13.8,Clouds
484,Lotofaga,WS,2023-01-30 02:05:41,-13.9764,-171.8578,82.89,75,99,14.29,Clouds
485,Kazanskoye,RU,2023-01-30 02:05:42,55.6448,69.235,2.35,95,12,8.57,Clouds
486,Jijiga,ET,2023-01-30 02:05:43,9.35,42.8,60.15,56,44,3.78,Clouds
487,Muncar,ID,2023-01-30 02:05:43,-8.4333,114.3333,78.12,90,100,2.55,Clouds
488,Mitu,CO,2023-01-30 02:03:34,1.1983,-70.1733,74.79,64,83,1.12,Clouds
489,Biggar,GB,2023-01-30 02:05:44,55.6167,-3.5167,40.3,82,88,21.83,Clouds
490,Magugu,TZ,2023-01-30 02:05:45,-4.0167,35.7667,63.63,67,6,3.33,Clear
491,Palmer,US,2023-01-30 02:04:48,42.1584,-72.3287,45.66,66,20,8.05,Clouds
492,Port Hawkesbury,CA,2023-01-30 02:05:46,45.6169,-61.3485,34.03,82,100,11.99,Clouds
493,Guerrero Negro,MX,2023-01-30 02:02:52,27.9769,-114.0611,57.74,69,0,8.55,Clear
494,Atyrau,KZ,2023-01-30 02:05:47,47.1167,51.8833,21.22,63,0,15.66,Clear
495,Robertson,US,2023-01-30 02:05:48,36.5167,-86.8667,50.4,98,100,0.0,Clouds
496,Jonkoping,SE,2023-01-30 02:05:49,57.7814,14.1562,41.38,93,100,17.27,Clouds
497,Pemangkat,ID,2023-01-30 02:05:49,1.1667,108.9667,77.02,90,100,9.13,Rain
498,Avera,US,2023-01-30 02:05:51,33.194,-82.5271,49.37,97,100,4.7,Rain
499,Stepnogorsk,KZ,2023-01-30 02:05:51,52.3544,71.8869,-2.11,97,11,9.06,Clouds
500,Wajima,JP,2023-01-30 02:05:52,37.4,136.9,40.51,72,100,31.72,Clouds
501,San Carlos De Bariloche,AR,2023-01-30 02:05:25,-41.1456,-71.3082,63.28,65,0,8.93,Clear
502,Chipinge,ZW,2023-01-30 02:05:53,-20.1883,32.6236,64.22,88,37,8.79,Clouds
503,Forio,IT,2023-01-30 02:05:54,40.7342,13.8646,44.42,76,5,3.0,Clear
504,Buckeye,US,2023-01-30 02:02:26,33.3703,-112.5838,62.11,45,0,9.22,Clear
505,Ketchikan,US,2023-01-30 02:05:56,55.3422,-131.6461,35.58,74,0,3.44,Clear
506,South Venice,US,2023-01-30 02:06:57,27.0531,-82.4243,71.98,92,0,8.01,Clear
507,Verkhovazhye,RU,2023-01-30 02:06:57,60.7472,42.0465,19.0,94,100,9.31,Clouds
508,Gedo,ET,2023-01-30 02:06:58,9.0167,37.45,56.62,45,97,1.77,Clouds
509,Padre Bernardo,BR,2023-01-30 02:06:59,-15.35,-48.5,67.35,94,99,2.04,Clouds
510,Qaqortoq,GL,2023-01-30 02:07:00,60.7167,-46.0333,18.75,72,100,8.46,Clouds
511,Cabo San Lucas,MX,2023-01-30 02:07:00,22.8909,-109.9124,68.5,79,40,0.0,Clouds
512,Teya,RU,2023-01-30 02:07:01,60.3778,92.6267,9.48,95,100,4.97,Snow
513,Aquiraz,BR,2023-01-30 02:07:02,-3.9014,-38.3911,81.18,85,4,9.75,Clear
514,Genhe,CN,2023-01-30 02:07:03,50.7833,121.5167,-8.05,96,96,2.04,Clouds
515,Mogadishu,SO,2023-01-30 02:07:04,2.0371,45.3438,76.08,82,95,19.51,Clouds
516,Srednekolymsk,RU,2023-01-30 02:05:17,67.45,153.6833,-12.1,96,100,11.45,Clouds
517,Metro,ID,2023-01-30 02:07:05,-5.1131,105.3067,77.79,84,100,12.91,Rain
518,Carutapera,BR,2023-01-30 02:07:06,-1.195,-46.02,75.7,91,100,4.7,Clouds
519,Saint-Georges,GD,2023-01-30 02:07:06,12.0564,-61.7485,74.48,76,6,9.89,Clear
520,Krasnoselkup,RU,2023-01-30 02:07:07,65.7,82.4667,-20.16,100,100,4.0,Clouds
521,College,US,2023-01-30 02:07:08,64.8569,-147.8028,30.2,92,75,3.44,Clouds
522,Havoysund,NO,2023-01-30 02:03:56,70.9963,24.6622,30.43,95,100,8.79,Snow
523,Gat,IL,2023-01-30 02:07:09,31.61,34.7642,58.41,100,1,0.56,Clear
524,Paoua,CF,2023-01-30 02:07:10,7.2427,16.4406,73.38,23,5,3.67,Clear
525,Vilyuysk,RU,2023-01-30 02:05:02,63.7553,121.6247,-34.49,96,100,4.63,Clouds
526,Owensboro,US,2023-01-30 02:07:11,37.7742,-87.1133,40.21,100,100,6.91,Mist
527,Mandalgovi,MN,2023-01-30 02:04:54,45.7625,106.2708,12.09,55,0,8.1,Clear
528,Caldwell,US,2023-01-30 02:05:46,43.6629,-116.6874,24.15,51,0,12.66,Clear
529,Shahr-E Babak,IR,2023-01-30 02:07:12,30.1165,55.1186,37.54,61,31,6.73,Clouds
530,Zasosna,RU,2023-01-30 02:07:13,50.6307,38.3965,22.64,93,74,3.53,Clouds
531,Atambua,ID,2023-01-30 02:07:14,-9.1061,124.8925,83.1,70,99,2.59,Clouds
532,Chokwe,MZ,2023-01-30 02:07:15,-24.5333,32.9833,74.21,78,91,9.04,Rain
533,Komsomolsk-Na-Amure,RU,2023-01-30 02:04:54,50.552,137.0152,-16.26,95,100,8.79,Clouds
534,Gazojak,TM,2023-01-30 02:07:16,41.1875,61.4036,30.43,63,100,6.69,Clouds
535,Neiafu,TO,2023-01-30 02:07:16,-18.65,-173.9833,86.68,74,75,4.61,Rain
536,Altay,CN,2023-01-30 02:07:17,47.8667,88.1167,3.27,66,0,6.17,Clear
537,Mochicahui,MX,2023-01-30 02:07:18,25.9333,-108.9333,62.42,54,90,4.38,Clouds
538,Usak,TR,2023-01-30 02:07:19,38.5,29.4167,31.19,82,16,4.92,Clouds
539,Abu Kamal,SY,2023-01-30 02:07:19,34.4506,40.9171,50.11,67,74,6.17,Clouds
540,Nagato,JP,2023-01-30 02:07:20,34.3833,131.2,42.46,48,5,18.12,Clear
541,Taunggyi,MM,2023-01-30 02:07:22,20.7833,97.0333,62.64,59,1,2.84,Clear
542,Galesong,ID,2023-01-30 02:07:22,-5.3166,119.3661,77.02,77,82,8.21,Clouds
543,Maarianhamina,AX,2023-01-30 02:07:23,60.0973,19.9348,40.86,87,100,9.22,Clouds
544,Puerto Penasco,MX,2023-01-30 02:03:06,31.3167,-113.5333,58.91,80,0,10.0,Clear
545,Maldonado,UY,2023-01-30 02:02:46,-34.6667,-54.9167,71.22,76,50,9.24,Clouds
546,Ginir,ET,2023-01-30 02:07:25,7.1333,40.7,56.86,62,30,3.04,Clouds
547,Komarovo,RU,2023-01-30 02:07:26,60.1841,29.8175,32.45,97,100,16.11,Snow
548,Overath,DE,2023-01-30 02:07:27,50.9328,7.2839,41.4,79,100,9.22,Clouds
549,Bella Union,UY,2023-01-30 02:07:28,-30.2752,-57.6007,79.38,32,100,8.57,Clouds
550,Kodiak,US,2023-01-30 02:08:29,57.79,-152.4072,38.71,100,100,6.91,Mist
551,Magadan,RU,2023-01-30 02:08:30,59.5667,150.8,10.44,73,100,8.95,Clouds
552,Kuala Terengganu,MY,2023-01-30 02:08:31,5.3302,103.1408,79.99,91,100,14.99,Clouds
553,Boa Vista,BR,2023-01-30 02:08:31,2.8197,-60.6733,80.58,61,75,9.22,Clouds
554,Oranjemund,NA,2023-01-30 02:08:32,-28.55,16.4333,58.69,90,0,1.32,Clear
555,Porciuncula,BR,2023-01-30 02:08:33,-20.9628,-42.0408,73.24,94,100,3.94,Clouds
556,Yanam,IN,2023-01-30 02:08:33,16.7333,82.2167,75.38,75,72,6.85,Clouds
557,San Patricio,US,2023-01-30 02:08:34,28.017,-97.5169,71.69,92,1,6.58,Clear
558,Ust-Ilimsk,RU,2023-01-30 02:08:35,58.0006,102.6619,7.9,93,100,7.05,Clouds
559,San Vicente,AR,2023-01-30 02:08:35,-26.6167,-54.1333,65.7,98,36,2.68,Clouds
560,Banda Aceh,ID,2023-01-30 02:04:02,5.5577,95.3222,79.54,83,30,7.27,Clouds
561,Brownsville,US,2023-01-30 02:08:36,25.9018,-97.4975,74.08,95,20,14.97,Clouds
562,Jacareacanga,BR,2023-01-30 02:08:37,-6.2222,-57.7528,72.03,99,98,0.02,Rain
563,Chaman,PK,2023-01-30 02:08:38,30.9236,66.4512,33.31,70,2,5.01,Clear
564,Port Blair,IN,2023-01-30 02:08:39,11.6667,92.75,82.44,69,75,10.36,Clouds
565,Ocampo,MX,2023-01-30 02:08:40,21.65,-101.5,55.42,33,6,4.56,Clear
566,Salinopolis,BR,2023-01-30 02:03:49,-0.6136,-47.3561,77.23,87,93,7.09,Clouds
567,Kavaratti,IN,2023-01-30 02:03:42,10.5669,72.642,79.48,74,30,12.68,Clouds
568,Port-Gentil,GA,2023-01-30 02:08:42,-0.7193,8.7815,80.69,79,24,8.81,Clouds
569,Beyneu,KZ,2023-01-30 02:05:29,45.3167,55.2,26.31,81,7,10.11,Clear
570,Hollins,US,2023-01-30 02:08:43,37.3413,-79.9431,48.4,95,100,0.0,Clouds
571,Ledyard,US,2023-01-30 02:08:44,41.4398,-72.0142,47.12,76,75,5.75,Clouds
572,Houma,US,2023-01-30 02:08:45,29.5958,-90.7195,72.0,93,18,3.0,Clouds
573,Talara,PE,2023-01-30 02:08:46,-4.5772,-81.2719,73.35,79,6,8.57,Clear
574,Noumea,NC,2023-01-30 02:08:47,-22.2763,166.4572,85.98,74,44,9.19,Clouds
575,High Level,CA,2023-01-30 02:04:17,58.5169,-117.136,10.06,85,92,9.31,Clouds
576,Tazmalt,DZ,2023-01-30 02:07:23,36.3868,4.3989,38.3,90,19,3.02,Clouds
577,Taltal,CL,2023-01-30 02:04:54,-25.4,-70.4833,66.69,80,12,1.5,Clouds
578,Ust-Kulom,RU,2023-01-30 02:08:49,61.6864,53.6902,14.92,94,100,7.11,Clouds
579,Haines Junction,CA,2023-01-30 02:08:50,60.7522,-137.5108,16.47,95,100,1.07,Clouds
580,Riohacha,CO,2023-01-30 02:07:01,11.5444,-72.9072,76.62,74,11,15.66,Clouds
581,Cabedelo,BR,2023-01-30 02:08:51,-6.9811,-34.8339,81.27,75,100,14.23,Clouds
582,Inhambane,MZ,2023-01-30 02:08:52,-23.865,35.3833,77.23,84,77,13.18,Rain
583,Pingliang,CN,2023-01-30 02:05:15,35.5392,106.6861,36.18,24,0,2.68,Clear
584,Nizhneivkino,RU,2023-01-30 02:08:53,58.194,49.5214,10.47,95,100,7.34,Clouds
585,Rabat,MA,2023-01-30 02:08:53,33.9911,-6.8401,48.27,76,75,8.05,Clouds
586,Caronport,CA,2023-01-30 02:08:54,50.4501,-105.8179,-10.89,91,36,10.02,Clouds
587,Pisco,PE,2023-01-30 02:08:55,-13.7,-76.2167,73.45,83,0,16.11,Clear
588,Ikorodu,NG,2023-01-30 02:08:55,6.6191,3.5041,80.04,80,100,5.93,Clouds
589,Arman,RU,2023-01-30 02:04:13,59.7,150.1667,12.54,76,100,13.4,Clouds
590,Durban,ZA,2023-01-30 02:08:56,-29.8579,31.0292,66.76,75,100,5.57,Clouds
591,Constitucion,CL,2023-01-30 02:08:57,-35.3333,-72.4167,58.51,94,66,14.27,Clouds
592,Ahuimanu,US,2023-01-30 02:08:58,21.4447,-157.8378,71.31,91,100,11.5,Rain
593,Bandarbeyla,SO,2023-01-30 02:09:59,9.4942,50.8122,74.1,64,92,15.46,Clouds
594,Ermelo,ZA,2023-01-30 02:10:00,-26.5333,29.9833,53.38,98,100,4.79,Clouds
595,La Asuncion,VE,2023-01-30 02:10:00,11.0333,-63.8628,73.49,80,10,9.22,Clear
596,Waw,SS,2023-01-30 02:10:01,7.7029,27.9953,80.98,24,89,3.04,Clouds
597,Afua,BR,2023-01-30 02:10:02,-0.1567,-50.3867,74.17,95,20,4.43,Clouds
598,Victor Harbor,AU,2023-01-30 02:10:03,-35.5667,138.6167,75.69,68,70,1.01,Clouds
599,Kisaran,ID,2023-01-30 02:10:04,2.9845,99.6158,77.11,88,100,5.55,Clouds
600,Maamba,ZM,2023-01-30 02:10:05,-17.3667,27.15,68.32,87,83,1.39,Clouds
601,Zambezi,ZM,2023-01-30 02:10:06,-13.5432,23.1047,62.42,96,100,3.85,Clouds
602,Limoges,FR,2023-01-30 02:05:12,45.75,1.3333,27.16,93,0,6.91,Clear
603,Saldanha,ZA,2023-01-30 02:10:07,-33.0117,17.9442,62.38,69,0,7.67,Clear
604,Okhotsk,RU,2023-01-30 02:10:08,59.3833,143.3,-5.12,74,100,21.97,Clouds
605,Miamisburg,US,2023-01-30 02:10:08,39.6428,-84.2866,39.63,96,100,8.05,Mist
606,Kimberley,ZA,2023-01-30 02:10:09,-28.7323,24.7623,68.77,48,5,9.69,Clear
607,Huarmey,PE,2023-01-30 02:05:20,-10.0681,-78.1522,71.85,82,90,6.04,Clouds
608,Szubin,PL,2023-01-30 02:10:10,53.0097,17.74,34.2,93,100,17.27,Clouds
609,Isla Mujeres,MX,2023-01-30 02:10:11,21.2311,-86.731,78.85,78,8,14.27,Clear
610,Shizunai,JP,2023-01-30 02:10:12,42.3339,142.3669,24.53,58,48,1.9,Clouds
611,Suarez,CO,2023-01-30 02:10:13,2.954,-76.6964,67.62,96,99,3.15,Clouds
612,Dwarahat,IN,2023-01-30 02:10:14,29.7833,79.4333,49.15,38,100,3.0,Clouds
613,Dillon,US,2023-01-30 02:09:01,34.4166,-79.3712,56.25,92,100,2.98,Clouds
614,Lyuban,BY,2023-01-30 02:10:16,52.7985,28.0048,29.75,89,100,13.35,Clouds
615,Qurayyat,SA,2023-01-30 02:10:16,31.3318,37.3428,52.93,55,12,6.49,Clouds
616,Sokolo,ML,2023-01-30 02:10:17,14.7328,-6.1219,63.09,13,32,8.81,Clouds
617,Sandakan,MY,2023-01-30 02:10:18,5.8402,118.1179,77.22,90,100,2.28,Clouds
618,Ibra,OM,2023-01-30 02:10:19,22.6906,58.5334,58.12,77,0,1.68,Clear
619,Hammond,US,2023-01-30 02:07:26,41.5834,-87.5,28.98,78,100,11.5,Clouds
620,Zheleznodorozhnyy,RU,2023-01-30 02:10:20,55.7503,38.0042,27.14,95,97,8.08,Clouds
621,Luba,GQ,2023-01-30 02:10:21,3.4568,8.5547,79.93,84,68,6.29,Clouds
622,Porto Santo,PT,2023-01-30 02:10:22,33.072,-16.3415,55.78,67,40,6.91,Rain
623,Bedele,ET,2023-01-30 02:07:30,8.456,36.353,61.18,44,89,2.53,Clouds
624,Broome,US,2023-01-30 02:10:23,42.2506,-75.833,42.85,78,100,9.22,Clouds
625,Hirara,JP,2023-01-30 02:10:24,24.8,125.2833,59.85,58,1,17.05,Clear
626,Lere,NG,2023-01-30 02:10:24,10.387,8.5726,73.54,54,48,2.93,Clouds
627,Kamaishi,JP,2023-01-30 02:10:25,39.2667,141.8833,35.11,46,96,3.53,Clouds
628,Acapulco,MX,2023-01-30 02:08:54,16.8634,-99.8901,80.42,74,0,6.91,Clear
629,Hami,CN,2023-01-30 02:10:26,42.8,93.45,18.54,35,0,2.08,Clear
630,Cayhagan,PH,2023-01-30 02:10:27,9.6697,122.4256,78.28,87,100,14.25,Clouds
631,Santa Maria,BR,2023-01-30 02:10:28,-29.6842,-53.8069,74.89,70,13,12.68,Clouds
632,Contamana,PE,2023-01-30 02:10:29,-7.3333,-75.0167,78.28,68,96,2.66,Clouds
633,Kloulklubed,PW,2023-01-30 02:10:29,7.0419,134.2556,82.9,75,100,14.32,Clouds
634,Mazamari,PE,2023-01-30 02:10:30,-11.3258,-74.5308,70.23,99,100,2.46,Clouds
635,Sovetskiy,RU,2023-01-30 02:10:31,61.3614,63.5842,6.06,95,100,6.4,Clouds
636,Dongzhen,CN,2023-01-30 02:10:31,22.3797,110.9389,58.6,25,5,2.98,Clear
637,Nha Trang,VN,2023-01-30 02:10:32,12.25,109.1833,73.4,72,56,12.21,Clouds
638,Saint-Augustin,CA,2023-01-30 02:11:33,51.226,-58.6502,-3.19,82,100,6.2,Clouds
639,Zaozerne,UA,2023-01-30 02:11:34,45.1582,33.2787,33.69,96,100,16.26,Snow
640,Portland,US,2023-01-30 02:07:35,45.5234,-122.6762,34.45,37,0,11.01,Snow
641,Aykhal,RU,2023-01-30 02:11:35,66.0,111.5,-24.77,100,99,3.27,Clouds
642,Mastung,PK,2023-01-30 02:11:36,29.7994,66.845,31.35,76,3,0.78,Clear
643,Wanaka,NZ,2023-01-30 02:06:42,-44.7,169.15,82.11,38,91,7.0,Clouds
644,Port Macquarie,AU,2023-01-30 02:11:37,-31.4333,152.9167,76.89,80,100,11.68,Rain
645,Dakar,SN,2023-01-30 02:09:49,14.6937,-17.4441,63.48,69,100,20.51,Clouds
646,Tecpan,GT,2023-01-30 02:11:38,14.7623,-90.9947,47.43,61,7,3.71,Clear
647,Tabou,CI,2023-01-30 02:11:39,4.423,-7.3528,76.51,88,100,4.88,Rain
648,Evensk,RU,2023-01-30 02:11:40,61.95,159.2333,28.0,87,99,39.37,Snow
649,Penzance,GB,2023-01-30 02:11:40,50.1186,-5.5371,50.68,93,52,17.13,Clouds
650,Tsabong,BW,2023-01-30 02:11:41,-26.0217,22.401,79.02,42,5,9.64,Clear
651,Sibolga,ID,2023-01-30 02:07:36,1.7427,98.7792,81.95,71,64,1.57,Clouds
652,Las Palmas,ES,2023-01-30 02:11:42,28.4204,-14.0131,54.39,67,0,9.22,Clear
653,Mingaora,PK,2023-01-30 02:11:43,34.7758,72.3625,42.76,93,100,3.4,Clouds
654,Linxia,CN,2023-01-30 02:11:44,35.6003,103.2064,26.62,49,0,1.57,Clear
655,Belaya Gora,RU,2023-01-30 02:11:45,68.5333,146.4167,-26.77,95,100,3.91,Clouds
656,Muroto,JP,2023-01-30 02:11:45,33.2833,134.15,46.96,61,36,16.51,Clouds
657,Umm Lajj,SA,2023-01-30 02:11:46,25.0213,37.2685,73.18,63,10,5.14,Clear
658,Turayf,SA,2023-01-30 02:11:47,31.6725,38.6637,50.85,51,94,4.0,Clouds
659,Nioro,GM,2023-01-30 02:11:48,13.35,-15.75,68.88,11,92,6.08,Clouds
660,Westport,US,2023-01-30 02:11:49,41.1415,-73.3579,48.56,77,100,8.01,Clouds
661,Kastamonu,TR,2023-01-30 02:11:49,41.5,33.6667,27.72,84,100,4.85,Clouds
662,Ampanihy,MG,2023-01-30 02:11:50,-24.7,44.75,69.89,97,65,3.87,Clouds
663,Miraflores,MX,2023-01-30 02:08:31,19.2167,-98.8083,69.03,46,2,3.31,Clear
664,Omboue,GA,2023-01-30 02:11:51,-1.5746,9.2618,77.81,82,96,4.56,Clouds
665,Kargasok,RU,2023-01-30 02:11:52,59.0556,80.8572,3.6,100,90,4.34,Clouds
666,Kyra,RU,2023-01-30 02:11:53,49.5776,111.9753,8.6,84,100,2.33,Clouds
667,Tianpeng,CN,2023-01-30 02:11:53,30.9866,103.9393,48.63,41,0,2.62,Clear
668,Kirovohrad,UA,2023-01-30 02:11:54,48.5132,32.2597,25.12,81,11,4.36,Clouds
669,Starogard Gdanski,PL,2023-01-30 02:11:55,53.964,18.5264,37.65,100,100,20.51,Clouds
670,Kindu,CD,2023-01-30 02:11:55,-2.95,25.95,65.79,99,100,2.39,Clouds
671,Sochi,RU,2023-01-30 02:10:14,43.6,39.7303,41.09,85,98,1.79,Clouds
672,Fomboni,KM,2023-01-30 02:11:56,-12.28,43.7425,81.46,76,4,9.22,Clear
673,Raga,SS,2023-01-30 02:11:57,8.4596,25.678,73.8,23,13,2.44,Clouds
674,Conde,BR,2023-01-30 02:11:31,-7.2597,-34.9075,80.06,78,20,6.91,Clouds
675,Ilhabela,BR,2023-01-30 02:11:58,-23.7781,-45.3581,76.17,87,44,4.65,Clouds
676,Ikot Ekpene,NG,2023-01-30 02:11:59,5.1794,7.7108,76.62,83,91,2.48,Rain
677,Zilupe,LV,2023-01-30 02:12:00,56.3862,28.1217,32.58,97,100,14.23,Snow
678,Paita,PE,2023-01-30 02:12:00,-5.0892,-81.1144,72.23,79,4,11.45,Clear
679,Mbaiki,CF,2023-01-30 02:12:01,3.8678,17.9892,68.0,90,61,2.06,Clouds
680,Macomb,US,2023-01-30 02:12:02,40.4592,-90.6718,18.46,78,100,12.66,Clouds
681,Kadoma,JP,2023-01-30 02:12:03,34.7333,135.5833,46.65,39,29,16.15,Clouds
682,Pitea,SE,2023-01-30 02:12:03,65.3172,21.4794,32.09,98,100,5.57,Clouds
683,Dera Ghazi Khan,PK,2023-01-30 02:12:04,30.0561,70.6348,48.7,65,0,11.88,Clear
684,Wilmington,US,2023-01-30 02:10:45,34.2257,-77.9447,58.91,85,100,4.61,Clouds
685,Talnakh,RU,2023-01-30 02:13:05,69.4865,88.3972,-12.8,100,99,2.51,Clouds
686,Kampot,KH,2023-01-30 02:13:06,10.6167,104.1833,75.25,51,99,15.9,Clouds
687,Maniitsoq,GL,2023-01-30 02:13:07,65.4167,-52.9,22.6,87,100,16.13,Snow
688,Panjab,AF,2023-01-30 02:13:07,34.388,67.0233,12.52,97,100,2.53,Snow
689,Daru,PG,2023-01-30 02:13:08,-9.0763,143.2092,86.18,69,38,3.58,Clouds
690,Yining,CN,2023-01-30 02:13:09,29.0361,114.5636,50.47,31,0,1.66,Clear
691,Pangkalanbuun,ID,2023-01-30 02:13:09,-2.6833,111.6167,76.42,93,100,3.42,Clouds
692,Tagusao,PH,2023-01-30 02:13:10,9.1924,117.8141,81.63,74,63,11.48,Clouds
693,Amalapuram,IN,2023-01-30 02:13:11,16.5833,82.0167,72.05,84,88,5.19,Clouds
694,Malaya Purga,RU,2023-01-30 02:13:12,56.5567,53.0043,2.8,99,100,7.61,Clouds
695,Anderson,US,2023-01-30 02:10:09,34.5334,-82.6499,48.54,95,100,0.0,Rain
696,Alihe,CN,2023-01-30 02:13:14,50.5667,123.7167,-0.4,86,13,3.18,Clouds
697,Mahad,IN,2023-01-30 02:13:14,18.0833,73.4167,67.89,92,51,2.06,Clouds
698,Quelimane,MZ,2023-01-30 02:13:15,-17.8786,36.8883,76.06,94,97,4.29,Clouds
699,Salalah,OM,2023-01-30 02:13:16,17.0151,54.0924,63.0,41,13,11.43,Clouds
700,Yuzhnyy,RU,2023-01-30 02:13:17,53.2542,83.6936,16.18,86,75,11.18,Snow
701,Quatre Cocos,MU,2023-01-30 02:13:17,-20.2078,57.7625,77.09,84,100,4.38,Clouds
702,Namatanai,PG,2023-01-30 02:13:18,-3.6667,152.4333,86.07,62,77,9.75,Clouds
703,Bathsheba,BB,2023-01-30 02:13:19,13.2167,-59.5167,75.81,73,20,9.22,Clouds
704,Jizan,SA,2023-01-30 02:13:19,17.3333,42.6667,76.48,77,17,2.19,Clouds
705,Kailua,US,2023-01-30 02:13:20,21.4022,-157.7394,71.58,94,100,5.01,Rain
706,Kysyl-Syr,RU,2023-01-30 02:13:21,63.8986,122.7617,-42.21,99,99,4.27,Clouds
707,Puerto Suarez,BO,2023-01-30 02:13:22,-18.95,-57.8,74.59,86,16,2.57,Clouds
708,Requena,ES,2023-01-30 02:13:23,39.4883,-1.1004,31.51,90,11,3.4,Clouds
